{"cameraMode":{"drawMode":0,"name":"Shaded","section":"Shading Mode"},"sceneLighting":true,"audioPlay":false,"sceneViewState":{"m_AlwaysRefresh":false,"showFog":true,"showSkybox":true,"showFlares":true,"showImageEffects":true,"showParticleSystems":true,"showVisualEffectGraphs":true,"m_FxEnabled":true},"in2DMode":false,"pivot":{"x":-0.8066574335098267,"y":1.1005103588104249,"z":-0.28810566663742068},"rotation":{"x":-0.19163778424263,"y":0.3012719750404358,"z":-0.05307845026254654,"w":-0.9337091445922852},"size":0.08847333490848541,"orthographic":false}