{"cameraMode":{"drawMode":0,"name":"Shaded","section":"Shading Mode"},"sceneLighting":true,"audioPlay":false,"sceneViewState":{"m_AlwaysRefresh":false,"showFog":true,"showSkybox":true,"showFlares":true,"showImageEffects":true,"showParticleSystems":true,"showVisualEffectGraphs":true,"m_FxEnabled":true},"in2DMode":false,"pivot":{"x":-1.1255844831466675,"y":1.1284756660461426,"z":0.16638785600662232},"rotation":{"x":-0.2051200568675995,"y":0.7249263525009155,"z":-0.22366389632225038,"w":-0.6203631162643433},"size":0.08847333490848541,"orthographic":false}